Title,2019-11-01,2019-11-02,2019-11-03,2019-11-04,2019-11-05,2019-11-06,2019-11-07,2019-11-08,2019-11-09,2019-11-10,2019-11-11,2019-11-12,2019-11-13,2019-11-14,2019-11-15,2019-11-16,2019-11-17,2019-11-18,2019-11-19,2019-11-20,2019-11-21,2019-11-22,2019-11-23,2019-11-24,2019-11-25,2019-11-26,2019-11-27,2019-11-28,2019-11-29,2019-11-30
"Mathe für Nicht-Freaks: Konvergenz und Divergenz beweisen",301,393,615,555,593,684,712,387,395,585,778,929,865,622,407,411,606,731,684,786,617,380,334,576,594,737,625,434,250,266
"Mathe für Nicht-Freaks: Grenzwert: Beispiele",157,166,292,360,386,392,466,288,245,446,442,489,573,440,269,270,484,615,601,498,401,241,273,375,543,540,510,423,248,218
"Mathe für Nicht-Freaks: Grenzwert: Konvergenz und Divergenz",200,205,330,389,394,418,441,271,236,346,483,467,479,413,261,258,408,515,535,495,431,276,253,338,423,408,409,338,200,129
"Mathe für Nicht-Freaks: Grenzwertsätze: Grenzwert von Folgen berechnen",153,136,220,324,350,350,292,249,214,316,345,356,306,292,222,177,321,354,364,423,326,198,189,317,518,394,360,267,152,168
"Mathe für Nicht-Freaks: Konvergenz und Divergenz einer Reihe beweisen: Konvergenzkriterien",99,90,179,200,227,276,270,166,153,275,389,356,336,250,176,166,280,334,316,424,391,270,236,404,527,566,448,335,251,235
"Mathe für Nicht-Freaks: Geometrische Reihe",208,188,278,264,257,279,317,200,221,296,349,347,375,250,143,184,214,314,357,354,297,186,205,350,336,394,376,335,202,188
"Mathe für Nicht-Freaks: Abbildung, Funktion",304,320,551,793,563,423,373,247,210,355,279,311,324,256,149,111,188,215,191,212,169,124,126,171,181,210,208,181,115,71
"Mathe für Nicht-Freaks: Konvergenz rekursiver Folgen beweisen",50,100,156,248,264,301,357,188,208,417,327,356,328,210,209,212,321,324,309,268,251,173,192,245,307,335,344,295,114,99
"Mathe für Nicht-Freaks: Supremum und Infimum bestimmen und beweisen",134,213,306,310,346,328,205,99,125,221,266,350,378,356,205,186,273,342,459,466,338,161,138,213,200,216,189,165,67,62
"Mathe für Nicht-Freaks: Binomialkoeffizient: Rechenregeln",217,279,417,412,343,390,336,208,161,250,297,284,323,272,200,124,180,205,248,202,192,139,124,172,227,217,173,117,77,78
"Mathe für Nicht-Freaks: Untervektorraum",101,114,175,172,212,215,198,175,156,272,263,277,230,249,199,179,314,393,277,294,251,126,107,207,243,198,250,228,136,120
"Mathe für Nicht-Freaks: Aussagen negieren",273,253,412,416,462,403,239,159,113,204,273,213,227,171,112,106,170,248,224,266,201,116,80,135,140,148,166,135,117,81
"Mathe für Nicht-Freaks: Cauchy-Folgen und das Cauchy-Kriterium",74,99,168,161,143,152,172,115,162,217,273,348,298,279,197,195,261,358,346,242,245,136,96,205,199,239,290,342,125,88
"Mathe für Nicht-Freaks: Äquivalenzrelation",200,255,488,457,384,289,301,156,156,257,265,269,263,232,121,131,156,202,208,335,193,65,79,85,110,114,93,75,46,38
"Mathe für Nicht-Freaks: Vollständige Induktion",185,224,333,360,392,331,273,152,123,208,274,265,250,172,146,139,190,218,210,159,139,104,84,101,156,174,156,137,90,39
"Mathe für Nicht-Freaks: Lim sup und Lim inf",67,89,127,146,162,141,166,113,147,243,175,210,278,202,174,141,257,301,310,238,157,118,114,142,245,325,320,297,175,164
"Mathe für Nicht-Freaks: Vollständige Induktion: Beispiele",206,213,365,327,382,350,305,173,159,213,317,248,246,202,115,104,151,174,188,134,169,93,82,104,129,162,143,130,74,86
"Mathe für Nicht-Freaks",166,136,235,219,233,205,177,148,133,204,220,283,221,228,191,119,174,210,224,169,175,147,118,187,194,190,178,184,153,134
"Mathe für Nicht-Freaks: Analysis 1",168,104,160,198,189,186,181,150,127,151,159,215,181,185,139,117,168,213,231,221,202,172,164,202,273,269,166,178,164,138
"Mathe für Nicht-Freaks: Geometrische Summenformel",145,118,219,246,224,252,204,141,118,180,219,183,164,173,90,101,133,168,157,188,156,117,113,166,209,182,224,226,113,108
"Mathe für Nicht-Freaks: Aussagenlogik",29,25,51,42,44,54,42,16,18,34,36,40,4042,31,29,20,24,23,30,32,16,23,23,15,19,30,34,22,22,8
"Mathe für Nicht-Freaks: Häufungspunkt einer Folge",60,48,109,155,110,91,111,101,103,160,170,208,229,169,107,85,156,201,246,230,179,150,139,213,357,355,236,115,86,82
"Mathe für Nicht-Freaks: Harmonische Reihe",61,57,113,104,110,129,126,106,103,172,181,214,222,179,82,124,132,159,151,202,196,129,115,174,194,200,208,147,129,107
"Mathe für Nicht-Freaks: Ordnungsrelation",97,113,171,216,288,218,172,116,106,196,248,243,279,220,119,99,127,178,172,136,127,50,42,70,83,93,76,70,59,33
"Mathe für Nicht-Freaks: Beweise für lineare Abbildungen führen",99,135,169,125,73,87,96,75,65,120,162,137,132,102,55,83,156,146,107,171,165,107,113,170,282,303,294,222,114,101
"Mathe für Nicht-Freaks: Supremum und Infimum",90,97,182,208,184,177,115,76,78,145,171,173,203,187,90,84,177,175,212,221,185,85,64,117,105,134,131,106,48,48
"Mathe für Nicht-Freaks: Supremum und Infimum: Eigenschaften",90,109,177,203,156,153,131,65,74,133,157,186,186,150,103,94,157,149,187,256,221,73,53,86,87,97,84,65,33,34
"Mathe für Nicht-Freaks: Komplexe Konjugation und Betrag komplexer Zahlen",59,55,153,109,114,123,125,73,81,147,139,160,126,141,87,86,170,146,176,179,124,79,94,148,217,173,158,150,80,63
"Mathe für Nicht-Freaks: Grundlagen der Mathematik",110,91,165,220,201,155,156,99,85,135,170,149,154,131,123,72,112,131,156,156,110,79,75,70,88,120,101,92,63,59
"Mathe für Nicht-Freaks: Kern einer linearen Abbildung",36,26,34,77,70,128,72,84,109,218,139,174,142,105,74,70,95,117,99,114,114,120,106,144,282,239,245,144,126,120
"Mathe für Nicht-Freaks: Explizite und rekursive Bildungsgesetze für Folgen",58,79,152,139,126,138,147,72,71,127,156,153,160,122,86,92,131,156,155,137,120,99,86,128,125,132,134,144,75,50
"Mathe für Nicht-Freaks: Teilmenge und echte Teilmenge",117,139,192,234,215,201,153,100,85,134,171,151,161,130,107,82,123,105,89,98,85,69,64,64,81,110,100,73,38,49
"Mathe für Nicht-Freaks: Spann, Erzeugnis, lineare Hülle",47,33,61,85,89,98,95,52,63,66,81,110,117,113,95,104,135,295,240,180,206,107,90,139,179,140,165,119,115,93
"Mathe für Nicht-Freaks: Mächtigkeit von Mengen",80,126,234,190,135,115,121,69,64,114,112,104,136,120,78,52,141,132,143,149,143,70,73,109,132,195,115,113,74,55
"Mathe für Nicht-Freaks: Gesetze der Logik",117,112,202,171,169,178,146,116,109,173,198,193,214,155,85,75,67,111,98,110,95,81,44,84,73,78,70,68,32,46
"Mathe für Nicht-Freaks: Basis eines Vektorraums",42,62,93,72,82,76,76,63,69,117,96,155,109,126,58,73,74,129,149,190,163,123,101,156,166,178,212,177,129,117
"Mathe für Nicht-Freaks: Majorantenkriterium und Minorantenkriterium",27,47,74,66,105,121,118,94,83,123,186,120,104,74,45,54,67,149,128,121,144,95,95,139,227,193,204,143,103,118
"Mathe für Nicht-Freaks: Aufgaben zur Konvergenz und Divergenz",65,71,122,119,109,128,144,83,87,90,119,173,147,137,81,92,126,144,128,130,88,63,93,97,115,207,121,89,69,55
"Mathe für Nicht-Freaks: Folgerungen aus den Körperaxiomen",112,155,213,193,237,151,154,102,75,128,160,225,120,92,60,86,136,91,91,102,97,59,41,78,75,83,43,39,29,26
"Mathe für Nicht-Freaks: Betrag, Maximum und Minimum",70,101,122,190,130,125,118,97,72,86,97,120,129,103,65,80,106,129,108,127,129,69,69,73,109,101,110,96,58,55
"Mathe für Nicht-Freaks: Lineare Algebra 1",86,75,100,129,101,85,93,76,94,121,117,136,127,124,84,49,102,109,111,93,85,74,67,92,137,125,130,124,103,87
"Mathe für Nicht-Freaks: Teilfolge",36,38,42,58,80,74,78,48,55,112,71,113,149,145,96,127,183,211,159,135,120,66,88,108,106,146,184,104,49,55
"Mathe für Nicht-Freaks: Reihe",39,64,61,69,82,91,106,64,67,74,127,77,109,78,64,69,99,121,129,139,124,80,78,153,173,177,138,134,88,104
"Mathe für Nicht-Freaks: Stetigkeit beweisen: Epsilon-Delta-Kriterium und Folgenkriterium",34,26,42,50,67,76,67,56,34,64,73,105,99,96,57,62,89,139,106,133,97,63,84,99,249,220,193,204,132,147
"Mathe für Nicht-Freaks: Bernoulli-Ungleichung",101,104,173,150,155,174,166,82,89,111,137,117,118,92,48,56,93,60,105,91,75,54,67,108,81,97,73,60,31,40
"Mathe für Nicht-Freaks: Monotoniekriterium für Folgen",44,60,104,131,64,91,96,54,50,84,125,91,119,90,72,54,98,92,115,141,123,71,81,130,156,150,151,85,36,46
"Mathe für Nicht-Freaks: Polarform bzw. Polardarstellung komplexer Zahlen",84,99,154,115,150,116,120,73,73,102,139,157,136,97,61,40,66,100,89,98,59,42,42,85,114,116,79,61,56,36
"Mathe für Nicht-Freaks: Quantor",98,100,142,155,156,138,130,73,67,107,93,102,102,90,58,62,81,98,112,108,87,49,34,54,81,93,83,55,45,38
"Mathe für Nicht-Freaks: Summe und Produkt",107,102,135,144,153,168,132,64,74,81,112,125,119,86,43,48,100,94,105,78,80,50,55,80,70,64,73,61,41,40
"Mathe für Nicht-Freaks: Vereinigung von Mengen",95,97,169,135,178,171,173,65,74,83,125,92,104,105,56,52,81,87,83,94,78,47,35,48,58,64,78,57,48,39
"Mathe für Nicht-Freaks: Aufzählende und beschreibende Mengenschreibweise",95,93,154,149,117,145,114,74,73,142,130,138,103,87,71,70,93,105,74,77,70,30,41,57,75,74,75,71,30,27
"Mathe für Nicht-Freaks: Vereinigung und Durchschnitt von Vektorräumen",43,51,108,74,114,121,69,45,49,68,98,120,81,110,49,50,95,110,109,127,80,69,58,95,125,104,160,102,76,85
"Mathe für Nicht-Freaks: Sandwichsatz, Einschnürungssatz, Einschließungssatz",42,40,60,97,53,100,103,39,41,41,81,89,139,75,72,75,85,162,186,167,163,77,68,116,88,82,65,54,42,30
"Mathe für Nicht-Freaks: Beispiele und Eigenschaften von Folgen",35,71,75,81,84,79,69,52,59,83,114,100,100,126,73,68,117,119,113,102,100,66,48,92,105,103,90,95,40,50
"Mathe für Nicht-Freaks: Vektorraum: Summe und direkte Summe",18,32,49,88,60,50,61,40,44,59,53,75,61,99,44,70,113,97,111,166,91,83,63,121,156,124,183,102,76,81
"Mathe für Nicht-Freaks: Epsilon-Delta-Kriterium der Stetigkeit",33,31,44,62,69,72,68,55,35,58,62,64,82,92,51,56,85,146,133,116,113,96,60,93,131,126,150,116,86,72
"Mathe für Nicht-Freaks: Binomischer Lehrsatz",79,93,130,93,97,114,160,74,61,121,110,79,117,104,55,58,78,92,79,85,50,46,48,81,77,70,69,61,42,28
"Mathe für Nicht-Freaks: Teleskopsumme und Teleskopreihe",56,41,85,87,80,85,92,62,53,76,94,100,92,95,56,47,89,77,77,74,70,66,64,108,159,117,101,78,78,65
"Mathe für Nicht-Freaks: Absolute Konvergenz einer Reihe",23,31,23,59,49,62,55,37,35,52,77,49,70,69,57,44,71,147,103,124,165,109,72,112,168,133,143,118,59,81
"Mathe für Nicht-Freaks: Fakultät",71,73,114,84,119,115,126,83,77,105,102,76,85,57,51,55,61,77,104,89,101,59,56,77,98,65,88,53,36,36
"Mathe für Nicht-Freaks: Lineare Abbildung: Bild",19,47,36,49,54,73,69,61,46,72,68,94,138,76,59,59,74,59,65,50,72,45,58,105,212,164,147,97,107,92
"Mathe für Nicht-Freaks: Leibniz-Kriterium",22,30,59,75,66,56,60,29,24,41,54,80,96,77,44,35,71,87,92,135,143,88,82,164,141,121,108,118,68,86
"Mathe für Nicht-Freaks: Direkter und indirekter Beweis",83,76,125,132,109,84,123,63,52,81,92,80,99,78,56,52,73,99,70,90,72,40,38,56,78,95,76,76,52,21
"Mathe für Nicht-Freaks: Durchschnitt von Mengen",82,87,155,135,162,165,135,57,52,93,84,86,75,75,54,45,63,73,62,65,49,45,38,31,34,60,56,48,41,31
"Mathe für Nicht-Freaks: Anwendung der Konvergenzkriterien bei Reihen",29,34,51,50,50,63,62,54,42,84,65,82,70,40,33,43,55,80,89,120,125,71,80,112,128,156,125,102,75,56
"Mathe für Nicht-Freaks: Bestimmte Divergenz, uneigentliche Konvergenz",55,57,82,114,85,75,64,35,46,67,121,90,95,68,58,53,108,111,95,108,83,49,59,72,89,69,86,57,40,33
"Mathe für Nicht-Freaks: Körperaxiome",38,62,79,104,112,98,123,56,59,78,76,120,102,75,48,53,93,96,81,80,79,50,45,92,69,71,61,32,38,24
"Mathe für Nicht-Freaks: Wahrheitstabelle",82,69,102,131,144,142,95,63,47,80,90,110,113,90,61,26,54,69,75,66,70,40,26,24,51,67,62,55,54,24
"Mathe für Nicht-Freaks: e-Reihe",42,41,63,44,64,69,55,40,42,55,73,84,118,85,57,56,84,69,79,78,80,69,68,86,101,141,101,92,50,58
"Mathe für Nicht-Freaks: Lineare Abbildung und darstellende Matrix",68,85,93,65,29,44,44,52,52,59,54,50,69,69,44,44,79,65,59,82,62,54,73,93,111,112,122,103,97,70
"Mathe für Nicht-Freaks: Lipschitz-Stetigkeit",51,33,81,86,62,90,85,81,49,64,64,109,80,54,56,80,110,145,152,96,62,51,36,34,46,65,52,58,30,29
"Mathe für Nicht-Freaks: Abbildungsmatrizen",35,28,46,51,33,32,48,31,38,32,33,59,66,62,42,37,46,71,38,79,76,79,72,84,157,188,153,139,116,70
"Mathe für Nicht-Freaks: Quotientenkriterium",19,17,46,50,46,61,71,48,51,81,65,50,55,50,35,27,49,58,68,74,65,65,79,95,126,123,158,142,103,64
"Mathe für Nicht-Freaks: Erzeugendensystem",29,20,43,61,59,55,43,36,58,77,88,100,101,95,44,35,46,76,83,97,94,48,56,104,100,106,79,69,66,65
"Mathe für Nicht-Freaks: Lineare Unabhängigkeit von Vektoren",52,54,77,63,85,76,50,35,36,75,71,110,91,61,44,33,50,69,76,77,47,44,38,73,105,92,89,83,45,59
"Mathe für Nicht-Freaks: Satz von Bolzano-Weierstraß",18,18,25,27,52,36,41,35,44,84,83,92,93,78,34,53,60,114,152,175,126,47,43,63,68,78,62,44,36,26
"Mathe für Nicht-Freaks: Rechenregeln für Reihen",25,35,48,66,52,68,71,39,48,64,71,70,56,73,42,37,54,67,89,98,69,45,56,89,95,87,77,84,61,52
"Mathe für Nicht-Freaks: Liste mathematischer Symbole",39,51,89,96,82,72,85,37,52,65,68,71,62,56,51,34,72,65,78,62,81,53,47,70,91,64,62,57,45,22
"Mathe für Nicht-Freaks: Cauchy-Kriterium für Reihen",13,15,26,28,36,53,34,27,27,50,73,68,99,97,48,64,104,58,53,69,97,58,39,90,116,109,79,81,57,52
"Mathe für Nicht-Freaks: Umordnungssatz für Reihen",31,16,21,30,42,49,52,31,39,93,47,22,24,29,32,26,45,44,82,141,126,58,40,80,135,130,123,129,55,35
"Mathe für Nicht-Freaks: Aufgaben zu Konvergenzkriterien für Reihen",19,14,39,43,52,43,61,37,31,41,59,55,70,61,26,24,67,77,62,93,81,50,66,95,115,122,106,75,51,63
"Mathe für Nicht-Freaks: Eigenschaften binärer Relationen",45,45,92,99,104,75,77,57,48,117,86,101,87,62,38,33,51,72,70,54,40,18,22,44,64,59,43,29,29,26
"Mathe für Nicht-Freaks: Stetigkeit von Funktionen",27,22,35,50,64,52,63,31,15,37,38,68,66,54,50,33,55,82,60,74,70,40,54,77,127,124,116,77,53,50
"Mathe für Nicht-Freaks: Gaußsche Summenformel",54,50,75,96,82,84,90,44,48,70,72,72,81,78,52,33,52,74,43,45,52,43,39,44,43,53,49,46,35,32
"Mathe für Nicht-Freaks: Gruppen",25,39,64,64,53,67,44,58,49,55,67,50,65,74,52,49,60,89,87,51,57,61,46,62,71,66,68,49,35,17
"Mathe für Nicht-Freaks: Vektorraum",35,32,38,60,36,59,46,38,24,59,56,66,48,76,42,49,62,85,63,73,41,38,41,55,73,71,66,69,45,33
"Mathe für Nicht-Freaks: Tautologie",51,58,89,99,101,98,80,54,47,84,79,61,53,67,30,22,54,41,48,40,26,20,15,23,38,37,25,18,23,11
"Mathe für Nicht-Freaks: Unbeschränkte Folgen divergieren",23,25,37,43,66,51,69,30,43,50,88,79,77,57,24,34,55,67,72,78,58,34,30,60,51,68,48,31,15,20
"Mathe für Nicht-Freaks: Junktor",38,57,80,77,74,68,56,41,32,53,62,62,51,55,37,36,54,50,52,54,49,44,16,29,45,48,38,44,39,26
"Mathe für Nicht-Freaks: Ringe",27,27,77,67,69,69,62,26,32,50,54,48,32,27,35,28,46,67,52,36,45,47,31,52,76,87,78,50,30,20
"Mathe für Nicht-Freaks: Hauptsatz der Differential- und Integralrechnung",37,35,51,57,54,59,54,27,27,60,65,58,55,57,29,33,51,73,70,50,45,53,36,40,56,49,54,45,31,35
"Mathe für Nicht-Freaks: Verknüpfungen zwischen Mengen",53,50,72,71,74,78,65,31,39,47,76,52,52,60,25,21,49,62,48,41,31,21,26,23,45,36,47,29,24,46
"Mathe für Nicht-Freaks: Binomialkoeffizient",48,50,74,78,77,67,57,42,25,60,57,53,45,56,32,33,44,48,56,41,35,40,19,41,43,55,39,35,24,13
"Mathe für Nicht-Freaks: Kartesisches Produkt",44,55,84,89,77,75,80,46,51,59,73,71,69,32,21,22,40,40,31,44,38,24,32,28,36,36,38,22,11,16
"Mathe für Nicht-Freaks: Verknüpfung",61,46,91,121,79,58,70,29,37,42,31,61,59,37,32,33,52,52,62,50,39,21,25,45,35,35,24,26,18,11
"Mathe für Nicht-Freaks: Lineare Abbildungen, Homomorphismus",26,29,36,41,43,36,24,22,34,42,44,48,87,59,39,49,71,55,33,41,51,38,33,45,70,65,71,58,40,42
"Mathe für Nicht-Freaks: Wurzelkriterium",12,18,22,36,24,33,19,19,24,32,50,42,48,33,30,30,38,61,63,76,50,49,31,46,62,81,108,76,73,65
"Mathe für Nicht-Freaks: Dimension eines Vektorraums",15,14,34,18,29,42,24,19,19,36,27,43,62,42,34,41,58,68,94,76,62,31,34,55,66,67,74,66,57,42
"Mathe für Nicht-Freaks: Relation",30,30,46,284,100,46,47,33,32,56,58,40,56,48,28,18,38,33,52,42,28,28,14,24,25,23,16,19,15,17
"Mathe für Nicht-Freaks: Archimedisches Axiom",27,26,29,57,60,65,34,22,34,41,66,64,55,77,44,48,46,63,62,55,46,44,31,35,45,43,35,23,19,17
"Mathe für Nicht-Freaks: Folgerungen der Anordnungsaxiome",44,74,120,83,121,65,42,37,31,40,55,68,24,47,29,46,60,66,28,39,27,16,9,20,25,18,20,11,10,9
"Mathe für Nicht-Freaks: Disjunkte Mengen und paarweise disjunkte Mengensysteme",43,53,56,55,61,43,57,45,46,53,66,65,50,49,24,26,50,32,51,43,37,24,22,14,37,36,41,34,23,23
"Mathe für Nicht-Freaks: Folgenkriterium der Stetigkeit: Folgenstetigkeit",12,29,35,46,40,43,42,18,25,23,30,41,56,48,33,27,27,49,54,65,35,41,32,44,83,90,57,49,40,34
"Mathe für Nicht-Freaks: Komplexe Zahlen: Darstellung komplexwertiger Funktionen",51,39,41,42,77,63,42,43,41,60,43,47,31,42,23,34,47,58,41,33,40,25,23,31,33,44,43,46,29,28
"Mathe für Nicht-Freaks: Allgemeine Intervallschachtelung",15,24,58,53,92,43,47,42,49,105,92,53,75,64,14,13,22,28,25,24,16,18,25,32,31,33,20,29,10,14
"Mathe für Nicht-Freaks: Gleichmäßige Stetigkeit",25,20,24,75,91,69,75,34,24,59,59,52,40,36,11,18,25,36,52,17,26,20,10,22,33,42,33,26,20,31
"Mathe für Nicht-Freaks: Anordnungsaxiome",46,50,122,70,62,47,41,28,18,35,43,63,31,49,34,37,30,40,29,29,19,16,15,23,24,28,19,15,4,10
"Mathe für Nicht-Freaks: Potenzmenge",49,37,70,60,54,35,58,31,32,41,32,55,45,36,25,27,30,39,32,27,26,18,21,27,25,24,29,41,22,24
"Mathe für Nicht-Freaks: Rechenregeln der Wurzel",57,72,100,111,81,46,24,20,27,29,19,36,40,48,13,21,16,29,46,21,7,13,27,19,20,21,19,18,14,13
"Mathe für Nicht-Freaks: Folge",20,26,41,40,33,38,31,20,24,30,42,51,46,29,20,27,44,35,48,36,44,35,20,35,35,48,49,38,18,19
"Mathe für Nicht-Freaks: Zwischenwertsatz",15,22,26,24,25,28,28,12,9,18,19,40,65,45,27,30,82,57,50,40,33,36,21,35,36,31,40,39,37,37
"Mathe für Nicht-Freaks: Isomorphismus (Lineare Algebra)",12,9,13,13,10,16,17,10,10,12,14,30,40,48,48,65,133,55,27,20,27,29,37,54,46,36,42,60,25,35
"Mathe für Nicht-Freaks: Leere Menge und Allklasse",45,44,49,64,49,46,63,23,18,33,51,42,42,32,17,13,34,21,20,28,19,15,17,16,26,32,38,32,19,16
"Mathe für Nicht-Freaks: Ableitung und Differenzierbarkeit",14,20,28,28,49,61,19,26,25,26,35,31,36,26,30,25,32,42,44,27,30,13,26,33,52,40,52,38,24,28
"Mathe für Nicht-Freaks: Mittelwertsatz",22,23,20,30,26,40,37,19,28,21,34,53,31,30,21,31,35,62,58,27,30,33,21,26,55,40,29,33,16,14
"Mathe für Nicht-Freaks: Beschränkte Reihen und Konvergenz",10,12,25,20,14,24,29,14,17,33,34,44,38,17,21,26,27,38,43,48,53,29,20,59,52,43,46,36,39,26
"Mathe für Nicht-Freaks: Potenz",18,26,38,42,36,46,43,34,25,43,52,87,36,26,33,38,42,41,18,18,30,16,21,26,27,33,20,8,8,6
"Mathe für Nicht-Freaks: Eigenschaften der Exponentialfunktion",12,12,8,14,29,20,19,20,13,15,36,20,16,19,16,24,51,38,45,52,31,34,25,38,58,51,45,48,43,81
"Mathe für Nicht-Freaks: Differenz, symmetrische Differenz und Komplement",56,43,85,49,70,46,35,16,11,36,42,31,46,21,15,13,22,15,25,26,28,11,8,18,18,33,35,25,19,27
"Mathe für Nicht-Freaks: Aussagen formalisieren",44,39,55,60,76,64,47,21,13,32,34,35,28,19,15,22,28,31,37,36,25,20,8,14,20,20,28,14,11,12
"Mathe für Nicht-Freaks: Matrizenmultiplikation",18,15,17,47,52,58,53,33,39,91,49,13,11,12,21,19,16,33,25,30,29,19,12,22,23,17,35,35,27,18
"Mathe für Nicht-Freaks: Monotoniekriterium: Zusammenhang zwischen Monotonie und Ableitung einer Funktion",20,20,30,45,26,39,39,32,27,29,37,38,30,27,11,31,27,46,45,35,28,16,26,26,44,30,28,22,15,17
"Mathe für Nicht-Freaks: Satz vom Minimum und Maximum",17,18,34,35,23,38,37,21,22,43,26,29,36,27,10,11,19,33,36,40,34,26,16,32,49,48,37,22,14,15
"Mathe für Nicht-Freaks: Dimensionsformel",9,9,19,22,24,27,16,13,22,24,19,29,44,29,31,27,42,42,32,42,33,11,16,35,30,40,59,48,25,26
"Mathe für Nicht-Freaks: Binäre Relation",22,33,44,56,49,33,34,21,39,60,42,46,42,33,13,13,28,22,27,26,23,14,18,20,22,17,10,13,10,13
"Mathe für Nicht-Freaks: Komplexen Zahlen: Definition",26,24,51,34,61,34,23,20,18,32,37,27,45,15,13,10,30,20,26,26,23,23,11,27,45,43,35,23,23,16
"Mathe für Nicht-Freaks: Reelle Zahlen",21,23,30,38,32,24,21,26,14,29,32,37,28,30,11,23,37,27,45,51,66,17,16,34,19,15,18,22,15,14
"Mathe für Nicht-Freaks: Fallunterscheidung und Kontraposition",31,38,53,59,43,34,35,19,22,40,42,30,40,41,21,20,22,35,15,26,24,9,10,10,14,15,6,13,9,8
"Mathe für Nicht-Freaks: Sinus und Kosinus",16,13,22,18,21,30,22,16,11,22,30,34,27,23,16,16,26,24,46,26,35,25,33,38,46,40,26,31,24,27
"Mathe für Nicht-Freaks: Vektorraum linearer Abbildungen",6,8,10,69,12,19,8,8,15,21,10,22,24,34,45,62,96,56,20,9,22,14,8,15,27,33,38,21,21,14
"Mathe für Nicht-Freaks: Intervallschachtelung mit rationaler Genauigkeit",13,18,39,45,78,32,28,18,23,42,31,21,45,21,11,12,22,18,23,13,23,22,13,33,33,28,18,13,10,6
"Mathe für Nicht-Freaks: Wurzel",28,28,30,38,43,38,32,15,20,32,52,35,24,15,12,15,20,19,32,27,25,14,9,12,24,23,15,13,15,13
"Mathe für Nicht-Freaks: Faktorraum, Quotientenraum",4,20,22,33,18,22,4,17,19,20,54,26,48,44,17,26,33,20,21,18,27,18,8,21,31,26,34,32,9,13
"Mathe für Nicht-Freaks: Austauschlemma und Austauschsatz von Steinitz",18,8,26,20,26,17,14,18,22,35,14,28,24,16,9,16,21,21,22,46,32,12,22,27,48,59,29,15,18,20
"Mathe für Nicht-Freaks: Cauchysches Verdichtungskriterium",5,3,7,8,3,12,12,2,2,5,7,5,12,3,2,1,6,22,33,39,42,33,36,81,32,84,95,24,34,39
"Mathe für Nicht-Freaks: Häufungspunkt und Berührpunkt einer Menge",11,8,10,23,17,15,10,17,8,10,11,17,21,19,9,18,21,28,48,31,19,15,19,23,66,63,51,40,18,21
"Mathe für Nicht-Freaks: Uneigentliches Supremum und Infimum",10,8,27,27,30,25,27,12,10,16,18,43,52,54,22,15,22,21,26,40,20,8,16,17,22,25,34,20,13,7
"Mathe für Nicht-Freaks: Beweise für Vektorräume führen",54,3,21,14,22,16,11,10,9,27,39,30,26,26,22,25,37,29,30,20,14,14,11,35,31,30,20,24,14,18
"Mathe für Nicht-Freaks: Komposition stetiger Funktionen",14,13,17,29,17,13,20,20,7,21,21,28,22,14,16,11,40,54,36,54,25,10,7,11,15,39,21,46,21,20
"Mathe für Nicht-Freaks: Aufgaben zu Teilfolgen, Häufungspunkte und Cauchy-Folgen",10,9,15,20,10,17,21,12,14,30,26,15,19,30,19,8,23,55,42,28,12,24,17,32,27,44,25,25,21,23
"Mathe für Nicht-Freaks: Intervall",16,12,29,28,26,26,19,24,17,34,28,29,28,24,26,15,10,19,31,20,22,29,19,18,22,24,29,10,13,18
"Mathe für Nicht-Freaks: Tupel und geordnetes Paar",15,22,26,26,33,39,33,18,25,41,39,27,24,27,16,14,34,17,15,23,24,7,9,15,18,25,18,14,9,10
"Mathe für Nicht-Freaks: Logik und Aussagen",37,16,26,35,46,27,16,19,14,30,25,23,25,27,17,9,23,25,31,24,14,25,11,13,15,23,24,21,11,6
"Mathe für Nicht-Freaks: Was ist Algebra?",22,16,18,31,26,25,25,27,28,28,27,29,25,17,12,16,17,28,16,26,27,7,12,19,20,22,21,34,20,10
"Mathe für Nicht-Freaks: Riemannintegral",30,29,35,18,23,17,28,20,21,22,26,25,31,18,23,12,13,16,26,41,24,13,12,11,32,10,19,12,14,21
"Mathe für Nicht-Freaks: Eigenschaften Linearer Abbildungen",12,43,21,17,9,16,22,8,28,40,16,16,15,13,9,18,24,63,22,22,12,10,10,14,19,38,33,18,27,19
"Mathe für Nicht-Freaks: Herleitung und Definition der Exponentialfunktion",12,15,12,15,21,25,22,10,12,16,12,20,22,22,15,23,25,26,22,21,30,26,26,24,39,23,24,23,17,19
"Mathe für Nicht-Freaks: Mittelwertsatz für Integrale",25,21,34,25,30,25,21,14,13,29,17,30,34,19,13,8,16,23,16,22,16,18,13,22,19,20,18,10,15,22
"Mathe für Nicht-Freaks: Trivialkriterium, Nullfolgenkriterium, Divergenzkriterium",8,5,6,9,11,17,15,12,15,13,32,22,20,11,7,4,16,12,40,26,25,23,16,33,56,46,36,22,16,13
"Mathe für Nicht-Freaks: Regel von L'Hospital",6,9,25,22,21,57,19,20,12,13,25,33,27,22,15,3,13,15,22,32,22,13,13,22,18,21,20,22,8,11
"Mathe für Nicht-Freaks: Beweis",23,30,31,28,27,22,32,18,21,17,27,21,20,21,31,11,19,11,26,14,24,18,12,15,15,15,13,6,6,6
"Mathe für Nicht-Freaks: Stetigkeit der Umkehrfunktion",8,15,24,21,24,16,16,8,15,9,10,14,14,12,10,8,17,16,28,30,28,27,30,40,42,20,19,22,11,11
"Mathe für Nicht-Freaks: Ableitungsregeln: Kettenregel, Quotientenregel, Produktregel, Summenregel, Faktorregel",5,9,8,15,20,23,21,13,9,13,22,27,27,38,9,13,18,20,32,27,22,15,12,19,30,21,22,24,15,10
"Mathe für Nicht-Freaks: Einführung in den Vektorraum",14,8,14,19,22,16,16,10,12,26,15,20,21,18,13,12,14,28,14,17,18,12,16,25,32,36,25,32,17,17
"Mathe für Nicht-Freaks: Vektorraum: Eigenschaften",13,12,15,16,35,17,16,8,9,25,12,17,17,12,15,14,19,28,20,22,18,11,18,41,24,23,26,26,14,16
"Mathe für Nicht-Freaks: Was ist Analysis?",25,15,16,22,29,26,25,14,11,24,28,20,27,16,18,4,12,17,16,29,23,17,12,6,17,18,15,16,16,11
"Mathe für Nicht-Freaks: Mengenlehre: Menge",21,23,28,34,33,25,22,12,10,20,18,21,21,15,18,8,32,15,20,34,11,8,9,11,9,23,12,14,8,3
"Mathe für Nicht-Freaks: Arkustangens und Arkuskotangens",12,17,14,26,25,11,25,15,17,19,14,19,20,19,13,9,18,17,12,33,23,10,13,13,20,29,13,9,12,12
"Mathe für Nicht-Freaks: Monomorphismus (Lineare Algebra)",24,7,4,6,6,12,37,28,51,100,23,12,7,15,9,9,16,16,8,9,8,2,2,5,9,14,17,21,11,9
"Mathe für Nicht-Freaks: Aufgaben zu komplexen Zahlen",12,9,16,18,26,14,20,10,17,22,17,15,18,11,17,8,13,21,22,24,15,11,15,14,15,20,19,21,10,14
"Mathe für Nicht-Freaks: Eigenschaften des Sinus und Kosinus",10,10,25,19,24,19,8,15,2,16,14,18,15,20,5,7,29,15,18,16,13,15,15,12,23,18,15,9,13,11
"Mathe für Nicht-Freaks: Substitutionsregel für Integrale",9,9,16,25,11,15,27,15,10,10,14,20,22,12,7,12,14,19,22,13,13,7,12,13,18,23,24,14,9,11
"Mathe für Nicht-Freaks: Ableitung höherer Ordnung",4,3,3,9,8,13,6,0,15,15,14,21,23,28,9,8,11,25,15,11,10,8,12,27,31,37,29,21,11,17
"Mathe für Nicht-Freaks: Aufgaben zur Logik",10,12,17,23,16,17,15,8,15,21,19,22,10,7,10,13,13,22,21,15,14,6,9,24,10,24,20,14,5,3
"Mathe für Nicht-Freaks: Grenzwert von Funktionen",4,8,10,27,8,8,19,7,8,7,18,11,18,16,7,13,6,16,21,15,18,10,16,16,30,13,14,23,22,14
"Mathe für Nicht-Freaks: Notwendige und hinreichende Bedingungen",15,18,27,20,14,7,16,13,11,17,14,20,15,10,18,14,9,27,18,16,16,9,3,9,15,14,11,6,8,10
"Mathe für Nicht-Freaks: Ableitung und lokale Extrema",7,7,12,15,21,37,24,8,7,10,9,12,16,8,10,5,5,18,15,21,13,17,9,13,21,14,20,6,12,16
"Mathe für Nicht-Freaks: Arkussinus und Arkuskosinus",11,5,12,13,18,13,5,5,5,41,16,11,14,13,8,8,11,20,22,20,17,7,10,22,9,16,15,21,9,11
"Mathe für Nicht-Freaks: Wörterbuch",9,14,14,21,20,20,18,13,18,21,20,13,7,15,10,9,9,12,25,14,11,12,7,8,20,14,9,14,7,4
"Mathe für Nicht-Freaks: Sinus Hyperbolicus und Kosinus Hyperbolicus",4,4,10,18,13,4,10,5,8,10,7,16,15,12,6,10,14,24,23,18,16,17,16,16,38,30,12,12,9,10
"Mathe für Nicht-Freaks: Prinzip der linearen Fortsetzung",7,11,11,19,7,8,10,7,4,6,14,7,11,6,4,7,7,17,6,16,8,9,9,14,18,29,35,38,39,22
"Mathe für Nicht-Freaks: Unstetigkeit beweisen: Epsilon-Delta-Kriterium und Folgenkriterium",6,4,10,17,4,9,18,5,8,1,7,5,13,36,27,8,7,32,23,16,12,11,5,12,25,10,24,23,15,6
"Mathe für Nicht-Freaks: Mengendiagramme: Euler- und Venn-Diagramm",18,10,16,17,23,19,24,11,9,16,20,19,16,9,7,12,18,8,6,20,9,4,9,5,14,21,14,4,11,6
"Mathe für Nicht-Freaks: Potenzen mit rationalem Exponenten",10,14,27,34,20,21,5,3,12,14,10,25,12,8,11,8,14,31,6,3,8,4,12,14,7,15,8,23,5,4
"Mathe für Nicht-Freaks: Ableitung der Umkehrfunktion",9,13,13,14,19,11,15,9,9,16,10,16,11,15,4,10,14,19,19,23,13,8,6,11,22,10,12,18,6,8
"Mathe für Nicht-Freaks: Die Logarithmusfunktion",1,7,8,6,8,13,8,2,3,3,12,13,19,16,21,11,22,16,12,14,10,11,14,13,15,19,18,27,15,13
"Mathe für Nicht-Freaks: Endomorphismus, Automorphismus",6,34,12,8,2,7,9,2,6,9,18,18,17,9,10,11,14,12,7,8,9,4,6,2,15,17,29,23,11,26
"Mathe für Nicht-Freaks: Aufgaben zu Reihen",6,8,7,4,23,10,6,14,13,12,7,13,15,6,2,2,4,13,6,21,14,16,11,25,21,22,20,11,14,12
"Mathe für Nicht-Freaks: Permutationen",8,10,12,12,15,13,9,8,8,11,19,22,14,8,5,8,12,14,21,22,10,7,6,14,14,13,16,16,5,1
"Mathe für Nicht-Freaks: Prädikatenlogik",13,16,21,6,13,18,10,12,8,17,18,17,17,10,10,15,9,13,11,18,11,5,6,2,11,9,12,13,6,2
"Mathe für Nicht-Freaks: Körper",6,6,14,8,12,16,16,14,10,12,15,19,8,9,5,4,5,14,11,10,9,16,9,16,19,10,12,13,7,11
"Mathe für Nicht-Freaks: Was ist Mathematik?",12,4,21,13,10,7,3,10,7,17,13,13,16,19,6,3,9,4,20,12,12,16,16,14,5,11,13,15,7,7
"Mathe für Nicht-Freaks: Formeln der Mengenlehre",10,13,25,14,19,6,11,13,9,22,8,11,13,17,11,3,8,10,14,10,7,9,4,5,6,15,4,14,7,10
"Mathe für Nicht-Freaks: Gleichungen: Umformungen",8,8,8,15,12,7,21,6,12,21,10,14,15,8,9,5,15,6,19,14,8,8,2,12,18,14,12,6,9,6
"Mathe für Nicht-Freaks: Taylor Entwicklung",9,6,14,21,11,7,6,5,7,10,7,11,14,16,7,6,5,12,11,9,9,11,6,11,16,23,21,15,7,7
"Mathe für Nicht-Freaks: Satz von Rolle",9,6,7,5,4,4,4,3,10,6,11,22,21,17,14,21,20,24,14,10,7,8,7,12,11,4,4,14,11,7
"Mathe für Nicht-Freaks: Partielle Integration",8,11,14,9,8,9,16,11,4,9,15,9,14,12,7,12,5,3,10,7,15,19,9,11,6,11,12,7,15,11
"Mathe für Nicht-Freaks: Komplexe Zahlen: Einleitung und Motivation",12,5,11,10,20,10,6,13,6,11,10,11,21,8,5,9,14,13,13,10,8,8,9,7,14,17,7,6,10,3
"Mathe für Nicht-Freaks: Eigenschaften für Summe und Produkt",14,6,16,12,23,21,28,10,9,12,14,8,13,13,6,6,8,8,11,9,5,1,5,2,8,9,14,1,6,1
"Mathe für Nicht-Freaks: Aussageform und Substitution",9,11,23,7,24,20,14,7,3,18,7,8,10,9,5,4,8,10,16,12,6,7,9,0,8,8,9,13,4,6
"Serlo: EN: Real Analysis",4,10,8,8,12,5,4,45,9,8,13,12,8,14,4,2,5,8,7,10,10,3,5,4,13,33,10,6,9,2
"Mathe für Nicht-Freaks: Grundlagen der Mathematik: Zusammenfassung",10,7,8,11,16,9,26,6,12,13,11,18,9,4,5,5,3,9,8,17,9,9,4,5,8,10,14,7,7,4
"Mathe für Nicht-Freaks: Axiomatische Mengenlehre",13,11,14,13,13,14,12,10,8,11,9,11,13,12,7,6,16,1,14,11,1,5,7,6,6,12,4,8,9,4
"Mathe für Nicht-Freaks: Homomorphiesatz und Isomorphiesatz",7,6,8,11,7,8,12,7,7,6,6,8,25,10,6,10,13,12,8,10,11,3,4,2,14,17,18,15,5,3
"Mathe für Nicht-Freaks: Linearkombinationen",13,6,12,9,9,3,3,7,9,7,12,13,18,9,11,7,8,17,7,7,9,5,4,11,13,4,6,12,12,12
"Mathe für Nicht-Freaks: Definition der Matrix",6,9,5,3,5,7,8,14,3,7,14,10,8,12,3,10,5,8,13,12,9,7,7,10,13,8,10,12,15,10
"Mathe für Nicht-Freaks: Russells Antinomie und Klassen",10,13,14,18,18,20,7,5,8,10,14,8,5,8,4,2,22,5,8,5,11,2,6,2,4,12,4,5,8,5
"Mathe für Nicht-Freaks: Folgenräume",3,11,5,5,8,2,7,2,3,4,56,6,6,5,3,4,3,44,3,6,6,1,6,5,14,9,11,13,4,3
"Mathe für Nicht-Freaks: Boolesche Algebra",17,11,19,21,21,9,6,1,5,8,10,9,9,15,7,5,7,2,10,6,6,5,6,0,9,10,7,7,3,6
"Mathe für Nicht-Freaks: Inverse Matrizen",3,5,6,2,4,4,9,8,12,19,16,13,7,7,3,5,8,8,14,7,9,2,5,14,6,8,18,8,7,6
"Mathe für Nicht-Freaks: Nebenklassen eines Vektorraums",20,21,9,20,6,8,4,5,8,3,12,8,5,8,5,4,3,7,11,2,2,8,3,4,10,8,10,8,3,6
"Mathe für Nicht-Freaks: Aufgaben zur Stetigkeit",1,1,4,3,6,7,11,6,3,5,9,12,14,7,6,4,5,10,7,9,9,6,8,16,10,20,9,6,5,6
"Mathe für Nicht-Freaks: Rechenregeln der bestimmten Divergenz",7,1,7,6,5,5,4,6,6,6,7,9,14,10,14,8,14,13,6,8,7,2,5,6,9,13,15,4,3,4
"Mathe für Nicht-Freaks: Eigenschaften des Riemannintegrals",15,17,18,19,7,10,9,5,5,7,10,15,8,9,13,8,4,2,3,3,2,3,4,0,4,6,1,5,1,3
"Mathe für Nicht-Freaks: Wozu Analysis studieren?",9,11,6,12,4,10,11,5,1,7,9,9,5,3,6,3,11,6,13,6,8,8,7,2,6,10,2,10,6,3
"Mathe für Nicht-Freaks: Mitmachen für (Nicht-)Freaks",17,16,8,9,4,3,3,8,7,4,10,7,10,14,9,2,1,9,6,4,3,4,1,6,28,2,8,0,2,1
"Mathe für Nicht-Freaks: Aufgaben zu Folgen",7,3,8,3,6,2,6,6,3,4,7,12,8,14,6,3,8,6,6,7,8,10,5,10,2,15,8,6,9,4
"Mathe für Nicht-Freaks: Integral einer Funktion",10,6,14,8,13,5,7,3,5,2,6,12,8,10,6,4,5,8,7,3,4,5,3,3,9,10,7,8,5,6
"Mathe für Nicht-Freaks: Über das Projekt",10,6,8,8,10,8,8,2,3,8,14,8,6,16,9,2,7,6,9,5,2,2,4,6,5,10,7,5,5,3
"Mathe für Nicht-Freaks: Buchanfänge",5,7,8,7,10,13,4,1,3,5,10,6,4,21,6,3,5,6,12,6,6,2,3,7,7,5,14,5,6,2
"Mathe für Nicht-Freaks: Epimorphismus (Lineare Algebra)",12,7,1,5,4,2,6,4,11,26,7,6,4,10,3,7,4,12,5,4,3,2,0,2,7,7,10,17,5,2
"Mathe für Nicht-Freaks: Grundlegende Eigenschaften algebraischer Strukturen",4,5,11,5,9,7,8,4,7,11,5,9,7,4,5,5,9,13,2,5,6,4,7,7,3,7,8,7,6,2
"Mathe für Nicht-Freaks: Funktionsräume",4,3,6,6,8,5,3,3,4,4,4,5,4,5,1,1,6,30,2,3,3,3,2,1,28,8,17,6,11,5
"Mathe für Nicht-Freaks: Aufgaben zu linearen Abbildungen",7,6,3,1,6,2,5,5,4,6,3,8,9,4,2,9,9,6,9,9,4,4,2,6,8,8,13,13,11,7
"Mathe für Nicht-Freaks: Laplacescher Entwicklungssatz",5,2,5,2,5,4,7,4,5,5,9,3,6,10,4,2,3,9,7,12,10,5,11,2,10,4,11,12,10,4
"Mathe für Nicht-Freaks: Zahlengerade",4,13,5,7,7,5,7,2,4,11,6,12,8,4,9,3,7,9,5,9,5,3,6,2,5,10,2,9,5,4
"Mathe für Nicht-Freaks: Übersicht: Stetigkeit und Differenzierbarkeit",4,1,6,7,8,8,2,6,3,3,7,8,7,9,2,3,6,10,13,3,6,6,4,5,13,13,4,6,7,4
"Mathe für Nicht-Freaks: Determinanten",6,2,19,6,2,7,9,5,3,9,11,11,8,3,4,6,8,1,6,10,8,0,4,4,6,4,5,7,2,6
"Mathe für Nicht-Freaks: Koordinatenräume",3,1,6,4,15,4,3,4,1,5,37,9,2,4,3,1,3,16,1,1,1,0,5,5,7,5,6,5,2,0
"Mathe für Nicht-Freaks: Terme: Umformungen",8,2,7,6,8,5,4,6,7,8,8,5,4,3,3,3,5,6,6,4,5,4,3,6,4,6,14,1,5,3
"Mathe für Nicht-Freaks: Äußere direkte Summe",2,5,5,11,7,2,4,5,5,1,4,4,4,6,3,13,10,3,4,6,1,0,2,5,7,7,6,9,5,6
"Mathe für Nicht-Freaks: Determinante besonderer Matrizen",1,2,3,7,2,1,4,3,1,7,14,9,13,3,7,4,0,3,10,13,8,4,1,3,2,6,3,4,3,0
"Mathe für Nicht-Freaks: Buchanfang Maßtheorie by Richard4321",6,4,6,4,6,2,3,7,2,3,4,3,2,5,1,0,7,7,15,6,4,14,1,4,4,0,5,9,4,1
"Mathe für Nicht-Freaks: Die quadratische Matrix und ihre Spezialfälle",0,0,0,0,0,0,0,0,15,3,5,3,1,2,1,7,6,12,6,10,3,1,8,12,8,4,7,5,6,3
"Mathe für Nicht-Freaks: Gleichungssysteme und Matrizen",2,6,6,6,2,6,7,2,4,4,6,7,3,4,1,4,4,4,1,3,7,0,3,4,8,4,5,3,7,3
"Mathe für Nicht-Freaks: Übersicht zu algebraischer Strukturen",2,4,2,1,7,4,6,5,2,6,3,6,1,3,5,2,2,5,3,8,3,2,7,4,8,10,4,6,1,4
"Mathe für Nicht-Freaks: Leibniz-Formel der Determinante",3,5,3,9,3,4,5,3,1,1,6,8,4,3,1,5,0,2,3,7,8,1,2,1,8,9,6,5,3,3
"Mathe für Nicht-Freaks: Basiswechselmatrizen",0,2,2,3,3,1,4,4,1,1,2,2,5,6,1,2,2,10,1,7,3,8,2,3,6,7,6,6,11,7
"Mathe für Nicht-Freaks: Der Körper als Vektorraum",0,0,0,0,0,0,0,0,0,0,0,0,0,0,0,0,0,38,4,6,3,0,3,6,11,14,8,10,7,7
"Mathe für Nicht-Freaks: Potenzgleichungen",3,1,7,2,9,4,2,3,5,6,2,2,2,2,3,3,1,8,5,4,2,6,4,4,2,4,5,4,5,1
"Mathe für Nicht-Freaks: Konstanzkriterium: Zusammenhang zwischen Konstanz einer Funktion und ihrer Ableitung",4,0,2,2,3,2,4,2,0,9,5,3,2,6,1,1,2,11,6,1,2,0,1,6,3,5,2,0,11,10
"Mathe für Nicht-Freaks: Spezielle Ableitungsregeln",1,2,3,1,3,0,2,3,7,3,4,8,0,4,2,3,2,13,6,6,1,1,5,4,2,3,7,5,1,4
"Mathe für Nicht-Freaks: Klassenlogik",4,9,8,4,3,8,5,3,2,5,3,6,4,3,3,4,3,1,3,6,2,1,1,0,3,6,1,4,0,0
"Mathe für Nicht-Freaks: Aufgaben zur Ableitung 1",4,0,3,1,4,4,1,5,6,0,2,8,1,3,3,0,4,3,5,4,6,4,2,2,6,8,2,4,2,4
"Mathe für Nicht-Freaks: Potenzen mit reellen Exponenten",0,3,2,2,5,0,2,1,4,4,3,3,2,3,0,1,0,0,3,3,9,7,2,18,6,5,5,4,2,2
"Mathe für Nicht-Freaks: Aufgaben zu Wurzeln",4,2,3,7,1,1,4,1,3,6,6,5,4,5,4,1,6,1,2,3,1,3,4,1,0,4,0,4,4,1
"Mathe für Nicht-Freaks: Vektoren und Vektorräume in der Schule",0,0,0,4,4,5,2,1,2,4,2,4,6,4,4,1,3,6,6,2,3,0,4,3,5,5,1,3,1,4
"Mathe für Nicht-Freaks: Regelintegral",6,2,1,1,7,3,1,2,4,4,5,3,3,6,2,0,2,5,3,5,1,4,1,4,1,2,0,2,0,5
"Mathe für Nicht-Freaks: Aufgaben zu Matrizen",2,2,2,6,1,1,2,2,2,3,3,4,1,3,3,3,1,0,3,6,3,6,2,1,3,2,6,6,3,2
"Mathe für Nicht-Freaks: Beispiele für Ableitungen",2,0,3,1,3,1,4,5,0,1,1,0,1,3,1,1,3,2,6,2,6,0,6,2,2,5,3,4,3,4
"Benutzer:Stephan Kulla",3,2,3,2,3,6,4,2,1,6,3,1,1,2,1,0,0,1,7,6,0,1,1,2,6,2,4,1,2,2
"Mathe für Nicht-Freaks: Intuition hinter Isomorphiesatz und Dimensionsformel",2,4,1,2,2,2,4,2,2,2,1,2,4,5,2,1,5,2,3,1,2,4,0,0,2,2,3,5,4,1
"Mathe für Nicht-Freaks: Projektbeschreibung",6,4,2,2,2,4,3,0,1,1,5,2,0,5,2,0,4,2,3,5,2,0,0,3,2,4,2,1,2,2
"Mathe für Nicht-Freaks: Analysis 2",1,1,1,4,4,5,1,0,1,5,2,4,1,6,1,0,0,5,6,4,1,3,2,1,2,0,5,1,1,2
"Mathe für Nicht-Freaks: Aufgaben zu Gleichungsumformungen",3,0,2,0,2,0,3,2,3,4,3,2,3,1,1,2,4,0,4,4,0,1,3,1,4,5,3,1,5,0
"Mathe für Nicht-Freaks: Autorenportal",3,0,3,1,3,1,0,1,4,1,3,2,8,9,1,0,0,1,1,1,0,0,2,2,7,1,5,2,2,1
"Mathe für Nicht-Freaks: Cramer'sche Regel",1,0,0,0,0,2,2,0,0,1,1,2,2,4,6,1,0,3,2,3,5,2,2,3,5,1,5,11,1,0
"Mathe für Nicht-Freaks: Exponential- und Logarithmusfunktion in den komplexen Zahlen",0,0,1,4,2,4,1,1,0,1,4,2,1,2,1,1,2,0,5,5,2,3,0,3,4,2,4,2,3,1
"Mathe für Nicht-Freaks: Formelumgebung",3,1,0,0,1,0,1,0,0,0,0,5,2,3,0,0,0,40,0,1,1,0,0,1,2,0,0,0,0,0
"Mathe für Nicht-Freaks: Kopiere uns",1,2,5,4,1,1,2,2,1,2,4,4,0,1,0,1,3,2,3,3,0,0,0,1,3,3,3,2,1,3
"Mathe für Nicht-Freaks: Vektorielle Operationen für Matrizen",0,3,0,4,0,0,1,2,1,0,2,4,0,1,0,3,0,2,2,6,2,1,0,3,3,1,0,2,10,3
"Mathe für Nicht-Freaks: Buchanfang Algebra by Morrison69",0,2,1,1,5,6,3,0,0,1,2,2,0,6,2,0,2,1,3,5,2,0,0,2,3,1,3,1,0,1
"Mathe für Nicht-Freaks: Eigenschaften der Determinante",1,1,0,0,0,1,0,1,2,0,1,4,1,1,3,1,2,0,0,8,2,1,0,2,2,10,3,5,1,2
"Serlo: EN: Epsilon-delta definition of continuity",0,0,0,1,1,0,0,12,1,0,1,0,1,4,0,0,1,0,1,1,0,0,0,3,6,4,7,4,4,3
"Mathe für Nicht-Freaks: Aufgaben zu trigonometrischen und hyperbolischen Funktionen",1,0,2,5,0,0,1,0,2,1,1,2,2,2,2,2,3,5,2,3,4,0,1,1,4,4,0,1,1,2
"Mathe für Nicht-Freaks: Aufgaben zu Integralen",2,1,0,1,2,0,1,0,0,0,1,1,2,3,1,0,0,1,7,1,2,1,2,3,2,5,3,0,2,1
"Mathe für Nicht-Freaks: Umfragen",0,0,0,1,3,2,0,1,1,0,3,1,9,1,1,0,1,1,1,2,2,1,0,2,7,1,0,0,2,0
"Mathe für Nicht-Freaks: Beispiele für Integrale",3,2,1,0,2,0,3,2,0,0,1,0,1,2,1,0,0,3,4,2,0,1,0,3,1,6,3,0,0,1
"Mathe für Nicht-Freaks: Aufgaben zur Ableitung 2",1,0,2,0,0,2,0,0,1,1,0,3,1,1,0,0,0,1,1,3,4,6,2,2,1,1,1,0,1,1
"Mathe für Nicht-Freaks: Aufgaben zur Exponential- und Logarithmusfunktion",0,0,0,1,2,0,0,1,0,0,0,1,1,1,2,2,1,2,4,2,1,1,3,3,3,1,2,1,1,0
"Mathe für Nicht-Freaks: Hochladen und Einbinden von Medien",1,0,0,0,0,0,0,0,2,0,25,0,0,1,0,0,0,0,0,1,0,0,0,0,5,0,0,0,0,0
"Mathe für Nicht-Freaks: Uneigentliche Integrale",0,2,1,0,3,1,2,0,1,0,0,0,1,4,0,0,1,1,3,1,1,0,0,5,2,2,2,0,1,0
"Mathe für Nicht-Freaks: Buchanfang lineare Algebra",0,0,2,0,2,3,0,1,0,2,0,3,0,9,0,0,1,0,2,1,0,1,1,1,1,1,1,0,0,1
"Mathe für Nicht-Freaks: Tangens und Kotangens",0,0,0,2,2,1,1,0,0,0,1,0,1,1,0,0,2,0,3,1,1,3,2,1,4,2,1,1,2,1
"Mathe für Nicht-Freaks: Buchanfang Partielle Differentialgleichungen by Richard4321",0,0,0,0,3,0,0,2,0,0,2,3,0,1,2,1,0,1,1,2,0,0,2,2,2,2,0,0,2,2
"Mathe für Nicht-Freaks: Abstellraum",2,1,0,0,1,0,0,1,1,0,5,0,0,2,0,0,1,1,1,1,0,1,0,0,1,3,3,0,1,1
"Mathe für Nicht-Freaks: Determinante einer Abbildung",1,1,0,0,0,0,2,1,1,0,2,1,1,1,0,1,1,0,1,3,0,0,0,4,2,2,0,1,1,0
"Mathe für Nicht-Freaks: Buchanfang lineare Algebra 2",0,0,0,0,0,0,0,0,0,0,0,0,0,14,0,1,0,1,0,2,0,0,2,2,1,1,1,0,0,1
"Mathe für Nicht-Freaks: Aufgaben zur Ableitung 3",1,2,0,0,0,0,0,0,0,1,1,4,0,1,0,0,1,0,1,1,1,2,0,2,0,3,1,1,0,2
"Serlo: EN: Proving continuity",0,0,0,0,0,0,0,18,0,0,0,0,0,2,0,0,0,0,0,0,0,0,0,0,0,4,0,0,1,0
"Mathe für Nicht-Freaks: Linter",0,0,1,0,0,0,0,0,0,0,0,1,0,1,0,0,0,12,0,1,0,0,0,0,7,0,1,0,0,0
"Mathe für Nicht-Freaks: Buchanfang Gewöhnliche Differentialgleichungen by Stephan Kulla",0,0,0,1,2,1,1,0,0,0,2,1,0,2,0,2,0,2,0,2,0,1,2,1,1,1,1,0,0,0
"Mathe für Nicht-Freaks: Artikel erstellen",0,1,0,0,0,0,0,0,5,0,0,0,0,1,0,0,0,0,0,1,0,0,0,0,13,0,0,0,0,0
"Mathe für Nicht-Freaks: Beispielkapitel: Semantische Blöcke",1,0,0,0,0,0,0,0,2,2,0,0,0,5,0,1,4,0,0,1,0,0,1,0,0,1,1,2,0,0
"Mathe für Nicht-Freaks: Inhalte in den Abstellraum verschieben",0,0,0,0,0,0,0,0,3,0,12,0,0,1,1,0,0,0,0,1,0,0,0,0,3,0,0,0,0,0
"Mathe für Nicht-Freaks: Grundlegende Formatierungen",3,2,0,0,0,0,0,0,2,0,1,1,4,1,1,0,0,1,1,1,0,0,0,0,2,0,0,0,0,0
"Mathe für Nicht-Freaks: Wie kann ich beitragen",1,0,1,0,0,1,0,0,0,0,0,1,0,1,3,0,0,0,0,1,0,0,0,2,8,0,0,0,1,0
"Mathe für Nicht-Freaks: Artikel umbenennen und löschen",0,0,1,1,0,0,0,0,6,1,1,0,0,1,1,0,0,1,1,1,0,0,0,0,4,0,0,0,0,0
"Mathe für Nicht-Freaks: Hilfreiche Links",0,2,0,0,0,0,2,0,1,0,3,1,2,2,0,0,0,0,1,2,0,0,0,0,2,0,0,0,1,0
"Mathe für Nicht-Freaks: Phabricator",2,0,2,2,0,0,0,0,0,0,1,0,0,2,0,0,0,1,1,1,0,0,0,1,6,0,0,0,0,0
"Serlo: EN: Supremum and infimum",0,0,0,0,1,0,0,0,0,0,0,1,3,2,0,0,0,0,1,2,0,0,0,1,3,2,0,1,0,2
"Mathe für Nicht-Freaks: Hinweise für Autoren",1,0,0,0,1,0,0,3,0,0,0,0,1,1,0,3,0,0,0,1,0,2,2,0,1,0,0,0,1,0
"Mathe für Nicht-Freaks: Formatierung von Kapiteln",0,0,2,1,1,0,0,1,1,0,1,1,1,1,0,0,0,0,0,1,0,0,0,1,2,1,1,0,0,0
"Mathe für Nicht-Freaks: Wahrscheinlichkeitstheorie",0,0,0,0,0,0,0,1,0,0,0,1,0,1,1,0,0,3,0,2,0,1,1,0,0,0,2,1,1,1
"Serlo: EN: Continuity of functions",0,0,2,0,0,1,1,1,0,0,4,0,0,2,0,0,0,0,1,0,0,0,1,0,1,1,0,0,1,0
"Mathe für Nicht-Freaks: Spickzettel für Mathe-Formeln",0,0,1,0,0,0,0,0,0,0,0,2,1,1,0,0,0,3,0,1,0,0,0,0,5,0,0,0,1,0
"Mathe für Nicht-Freaks: Wer kann mitmachen",4,0,1,0,0,1,0,0,0,0,0,0,0,1,1,0,0,0,0,1,0,0,0,2,2,0,0,0,1,1
"Serlo: EN: Sequential definition of continuity",0,0,0,0,0,0,0,9,1,0,1,0,0,2,0,0,0,1,0,0,0,0,0,0,0,0,0,0,1,0
"Mathe für Nicht-Freaks: Einen Artikel bearbeiten",0,1,0,0,0,0,0,0,0,0,0,0,0,1,0,0,0,0,0,1,0,0,0,0,10,1,0,0,0,0
"Mathe für Nicht-Freaks: Artikelworkflow",2,0,1,0,0,0,0,0,0,0,0,0,1,1,1,0,0,0,0,1,0,0,0,0,3,0,1,0,2,0
"Mathe für Nicht-Freaks: Eine persönliche Spielwiese erstellen",0,2,0,0,0,0,0,1,0,0,0,0,0,2,0,0,0,0,1,1,0,0,0,0,5,1,0,0,0,0
"Mathe für Nicht-Freaks: Vorlagen",2,3,1,1,0,0,0,0,1,0,2,0,0,1,0,0,0,0,0,1,0,0,0,0,0,0,1,0,0,0
"Mathe für Nicht-Freaks: Anwendungsbeispiele",0,0,0,0,0,1,0,0,0,0,1,0,0,1,1,1,0,0,0,1,0,0,0,0,1,1,2,1,1,0
"Mathe für Nicht-Freaks: Aufgaben zur Ableitung 4",0,1,0,0,0,0,0,0,0,0,0,0,0,1,0,0,0,1,1,1,1,0,0,1,1,0,0,1,1,2
"Mathe für Nicht-Freaks: Beobachtungsliste",0,0,0,0,0,0,0,0,0,1,0,0,0,1,0,0,0,0,0,1,0,0,0,0,8,0,1,0,0,0
"Mathe für Nicht-Freaks: Archiv",1,0,0,1,0,0,0,0,2,0,0,0,0,1,0,0,0,0,0,1,0,0,0,0,0,1,1,3,0,0
"Mathe für Nicht-Freaks: Sprachliche Konventionen",0,1,0,0,0,0,0,3,0,0,0,0,0,1,0,0,0,0,0,1,0,0,0,0,5,0,0,0,0,0
"Serlo: EN: Series",0,0,0,0,0,0,1,0,1,0,2,0,0,2,0,0,0,0,1,2,0,0,1,0,0,0,0,0,0,1
"Mathe für Nicht-Freaks: Artikelplan erstellen",1,1,0,0,0,0,0,0,0,0,0,0,2,1,1,0,0,0,0,1,0,1,0,0,2,0,0,0,0,0
"Mathe für Nicht-Freaks: Print specification",0,0,0,0,1,1,0,0,0,0,0,0,1,1,0,0,0,0,1,1,0,0,0,0,1,0,2,0,1,0
"Mathe für Nicht-Freaks: Unterstütze uns",2,0,0,0,1,1,0,0,0,0,0,1,0,1,0,0,0,0,1,1,0,0,0,0,1,0,1,0,0,0
"Serlo: EN: Continuity of the inverse function",0,0,0,1,0,0,0,0,0,1,0,0,0,2,0,1,0,0,0,0,0,0,2,2,1,0,0,0,0,0
"Serlo: EN: Extreme value theorem",0,1,1,0,0,0,0,4,1,1,0,0,0,2,0,0,0,0,0,0,0,0,0,0,0,0,0,0,0,0
"Mathe für Nicht-Freaks: Hinweise zu Lizenzen",0,0,0,0,0,0,0,0,0,0,0,0,7,1,0,0,0,0,0,1,0,0,0,0,0,0,0,0,0,0
"Mathe für Nicht-Freaks: Interaktion mit der Community",0,0,0,0,0,0,0,0,0,0,0,0,0,1,0,0,0,0,0,1,0,0,0,1,6,0,0,0,0,0
"Mathe für Nicht-Freaks: Mitwirkendenübersicht",1,1,0,0,0,0,0,0,0,0,1,1,0,1,0,0,0,0,0,1,0,0,0,1,1,0,0,0,1,0
"Mathe für Nicht-Freaks: Volltextsuche",0,0,0,0,0,0,0,0,5,0,0,0,0,1,0,0,0,0,0,2,0,0,0,0,1,0,0,0,0,0
"Serlo: EN: Composition of continuous functions",0,0,0,0,1,0,0,6,0,0,0,0,0,2,0,0,0,0,0,0,0,0,0,0,0,0,0,0,0,0
"Serlo: EN: Intermediate value theorem",0,0,0,0,0,0,0,0,0,0,0,0,0,2,0,0,0,0,0,0,0,5,2,0,0,0,0,0,0,0
"Serlo: EN: Mathematical induction",0,0,2,1,2,0,0,2,0,0,0,0,0,2,0,0,0,0,0,0,0,0,0,0,0,0,0,0,0,0
"Mathe für Nicht-Freaks: Bestehende Artikel überarbeiten",0,0,1,0,0,0,0,0,0,0,2,0,1,1,1,0,0,0,0,1,0,0,0,0,1,0,0,0,0,0
"Mathe für Nicht-Freaks: Buchanfang Mathematikdidaktik",0,0,0,1,1,0,0,0,1,0,0,0,0,1,0,0,0,0,0,1,0,0,0,0,0,0,1,0,0,2
"Mathe für Nicht-Freaks: Formatierungskonventionen",1,0,0,0,0,0,0,1,1,0,0,0,0,1,1,0,0,0,0,2,0,0,0,0,0,0,1,0,0,0
"Mathe für Nicht-Freaks: Mathematische Konventionen",0,1,0,0,1,0,0,0,0,0,0,1,0,1,0,0,0,0,0,1,0,0,0,0,0,0,0,3,0,0
"Serlo: EN: Mean value theorem",0,0,0,0,0,0,0,2,0,0,0,0,0,2,0,0,0,0,0,0,0,1,0,0,0,1,0,0,2,0
"Serlo: EN: What is Analysis?",0,0,0,1,0,0,0,1,0,0,0,0,0,2,0,1,0,0,0,0,1,0,0,0,1,1,0,0,0,0
"Mathe für Nicht-Freaks: Spenden",0,0,0,0,0,0,0,0,0,0,0,1,1,1,0,0,0,0,0,1,1,0,0,0,1,1,0,0,0,0
"Serlo: EN: Propositional logic",0,0,0,1,0,0,0,1,0,0,0,0,1,2,0,0,0,0,0,0,0,0,1,0,1,0,0,0,0,0
"Diskussion:Mathe für Nicht-Freaks: Äquivalenzrelation",2,0,0,0,0,0,0,0,0,0,0,0,1,0,1,0,0,0,0,1,0,0,0,0,1,0,0,0,0,1
"Mathe für Nicht-Freaks: Beispielartikel",0,0,0,0,0,0,0,0,0,0,0,0,0,1,0,0,0,0,0,1,0,0,0,0,2,0,0,0,2,0
"Mathe für Nicht-Freaks: Beispielkapitel: Grundlegende Formatierungen",2,0,1,0,0,0,0,0,0,0,0,0,0,1,0,0,0,0,0,1,0,0,0,1,0,0,0,0,0,0
"Mathe für Nicht-Freaks: Hilfe",0,0,0,0,0,0,0,0,2,0,0,1,0,1,0,0,0,0,0,1,0,0,0,0,0,0,1,0,0,0
"Mathe für Nicht-Freaks: Inhalte doppelt einbinden",0,0,0,0,0,0,0,0,0,0,0,0,0,1,0,0,0,0,0,1,0,0,0,0,4,0,0,0,0,0
"Mathe für Nicht-Freaks: Wie gebe ich gutes Feedback",2,0,0,0,0,0,0,0,0,0,0,0,0,1,0,0,0,0,0,1,0,1,0,0,0,0,0,0,1,0
"Mathe für Nicht-Freaks: Wie melde ich mich an",2,0,0,0,0,0,0,0,0,0,0,0,0,1,0,0,0,0,0,1,0,0,0,0,2,0,0,0,0,0
"Serlo: EN: Real numbers",0,0,1,0,0,1,0,1,0,0,0,0,0,2,0,0,0,0,0,0,1,0,0,0,0,0,0,0,0,0
"Mathe für Nicht-Freaks: Erstellen von Medien",0,0,0,0,0,0,0,0,1,0,0,0,0,1,1,0,0,0,0,1,0,0,0,0,1,0,0,0,0,0
"Mathe für Nicht-Freaks: Wer sind meine Ansprechpersonen",0,0,0,0,0,0,0,0,0,0,0,0,0,1,1,0,0,0,0,1,0,0,1,0,1,0,0,0,0,0
"Mathe für Nicht-Freaks: Wie funktioniert der Editor",1,1,0,0,0,0,0,0,0,0,0,0,0,1,0,0,0,0,0,1,0,0,0,0,1,0,0,0,0,0
"Serlo: EN: Proving discontinuity",0,0,0,0,0,0,0,2,0,0,0,0,0,2,0,0,0,0,0,0,0,0,0,0,0,1,0,0,0,0
"Mathe für Nicht-Freaks: Beispielkapitel: Inhalte im Druck unterbinden",1,0,0,0,0,0,0,0,0,0,0,0,0,1,0,0,0,0,0,1,0,0,0,0,0,0,1,0,0,0
"Mathe für Nicht-Freaks: Wie fange ich ein neues Buch an",0,0,0,0,0,0,0,0,0,0,0,0,0,2,0,0,0,0,0,1,0,0,0,0,1,0,0,0,0,0
"Mathe für Nicht-Freaks: Zitieren und Quellenangaben",0,0,0,0,0,0,0,0,0,0,0,0,1,1,1,0,0,0,0,1,0,0,0,0,0,0,0,0,0,0
"Serlo: EN: Why study analysis?",0,0,1,0,0,0,0,0,0,0,0,0,0,2,0,0,0,0,0,0,0,0,1,0,0,0,0,0,0,0
"Mathe für Nicht-Freaks: Banner",0,0,0,0,0,0,0,0,0,0,0,0,0,0,0,0,0,0,0,0,0,0,0,0,0,0,0,0,0,0
"Mathe für Nicht-Freaks: Ausschöpfungen, Dynkin-Systeme, Eindeutigkeitssatz",0,0,0,0,0,0,0,0,0,0,0,0,0,0,0,0,0,0,0,0,0,0,0,0,0,0,0,0,0,0
"Mathe für Nicht-Freaks: Cauchy-Kriterium als Vollständigkeitsaxiom",0,0,0,0,0,0,0,0,0,0,0,0,0,0,0,0,0,0,0,0,0,0,0,0,0,0,0,0,0,0
"Mathe für Nicht-Freaks: Einführung in die Maßtheorie",0,0,0,0,0,0,0,0,0,0,0,0,0,0,0,0,0,0,0,0,0,0,0,0,0,0,0,0,0,0
"Mathe für Nicht-Freaks: Erzeugte sigma-Algebren",0,0,0,0,0,0,0,0,0,0,0,0,0,0,0,0,0,0,0,0,0,0,0,0,0,0,0,0,0,0
"Mathe für Nicht-Freaks: Gaußverfahren",0,0,0,0,0,0,0,0,0,0,0,0,0,0,0,0,0,0,0,0,0,0,0,0,0,0,0,0,0,0
"Mathe für Nicht-Freaks: Grundvorstellung finden",0,0,0,0,0,0,0,0,0,0,0,0,0,0,0,0,0,0,0,0,0,0,0,0,0,0,0,0,0,0
"Mathe für Nicht-Freaks: Inhalte auf Ringen",0,0,0,0,0,0,0,0,0,0,0,0,0,0,0,0,0,0,0,0,0,0,0,0,0,0,0,0,0,0
"Mathe für Nicht-Freaks: Konstruktion von Maßen",0,0,0,0,0,0,0,0,0,0,0,0,0,0,0,0,0,0,0,0,0,0,0,0,0,0,0,0,0,0
"Mathe für Nicht-Freaks: Matrix: Zeilenstufenform",0,0,0,0,0,0,0,0,0,0,0,0,0,0,0,0,0,0,0,0,0,0,0,0,0,0,0,0,0,0
"Mathe für Nicht-Freaks: Matrix: Rang",0,0,0,0,0,0,0,0,0,0,0,0,0,0,0,0,0,0,0,0,0,0,0,0,0,0,0,0,0,0
"Mathe für Nicht-Freaks: Maßtheorie",0,0,0,0,0,0,0,0,0,0,0,0,0,0,0,0,0,0,0,0,0,0,0,0,0,0,0,0,0,0
"Mathe für Nicht-Freaks: Qualitätssicherung",0,0,0,0,0,0,0,0,0,0,0,0,0,0,0,0,0,0,0,0,0,0,0,0,0,0,0,0,0,0
"Mathe für Nicht-Freaks: Prämaße und Maße",0,0,0,0,0,0,0,0,0,0,0,0,0,0,0,0,0,0,0,0,0,0,0,0,0,0,0,0,0,0
"Mathe für Nicht-Freaks: Stetige Inhalte auf Sigma-Ringen",0,0,0,0,0,0,0,0,0,0,0,0,0,0,0,0,0,0,0,0,0,0,0,0,0,0,0,0,0,0
"Mathe für Nicht-Freaks: Supremumsaxiom",0,0,0,0,0,0,0,0,0,0,0,0,0,0,0,0,0,0,0,0,0,0,0,0,0,0,0,0,0,0
"Mathe für Nicht-Freaks: Topologische Definition der Stetigkeit",0,0,0,0,0,0,0,0,0,0,0,0,0,0,0,0,0,0,0,0,0,0,0,0,0,0,0,0,0,0
"Mathe für Nicht-Freaks: Zugriffszahlen messen",0,0,0,0,0,0,0,0,0,0,0,0,0,0,0,0,0,0,0,0,0,0,0,0,0,0,0,0,0,0
"Mathe für Nicht-Freaks: Äußere Maße, Messbarkeit, Satz von Caratheodory, Fortsetzungssatz",0,0,0,0,0,0,0,0,0,0,0,0,0,0,0,0,0,0,0,0,0,0,0,0,0,0,0,0,0,0
"Serlo: EN: Exercises",0,0,0,0,0,0,0,0,0,0,0,0,0,0,0,0,0,0,0,0,0,0,0,0,0,0,0,0,0,0
"Serlo: EN: Limit of functions",0,0,0,0,0,0,0,0,0,0,0,0,0,0,0,0,0,0,0,0,0,0,0,0,0,0,0,0,0,0
"Serlo: EN: Lipschitz continuity",0,0,0,0,0,0,0,0,0,0,0,0,0,0,0,0,0,0,0,0,0,0,0,0,0,0,0,0,0,0
"Serlo: EN: Subsequence",0,0,0,0,0,0,0,0,0,0,0,0,0,0,0,0,0,0,0,0,0,0,0,0,0,0,0,0,0,0
"Serlo: EN: Translating Articles",0,0,0,0,0,0,0,0,0,0,0,0,0,0,0,0,0,0,0,0,0,0,0,0,0,0,0,0,0,0
"Serlo: EN: Uniform continuity",0,0,0,0,0,0,0,0,0,0,0,0,0,0,0,0,0,0,0,0,0,0,0,0,0,0,0,0,0,0
